ID,Item,Price,img_route
1,Chobani - Vanilla,3.35,assets/images/items/Bowow-Builder-Images/Chobani - Vanilla.webp
2,Chobani - Vanilla,3.35,assets/images/items/Bowow-Builder-Images/Chobani - Vanilla.webp
3,Chobani - Non Fat Plain,3.35,assets/images/items/Bowow-Builder-Images/Chobani - Non Fat Plain.webp
4,Chobani - Less Sugar Wild Blueberry,3.35,assets/images/items/Bowow-Builder-Images/Chobani - Less Sugar Wild Blueberry.webp
5,Cocojune - Strawberry Rhubarb Yogurt,3.9,assets/images/items/Bowow-Builder-Images/Cocojune - Strawberry Rhubarb Yogurt.webp
6,Cocojune - Coconut Yogurt,3.9,assets/images/items/Bowow-Builder-Images/Cocojune - Coconut Yogurt.webp
7,La fermiere - Mango Passion fruit,4.5,assets/images/items/Bowow-Builder-Images/La fermiere - Mango Passion fruit.webp
8,La fermiere - Hibiscus Rasberry,4.5,assets/images/items/Bowow-Builder-Images/La fermiere - Hibiscus Rasberry.webp
9,La fermiere - Vanilla,4.5,assets/images/items/Bowow-Builder-Images/La fermiere - Vanilla.webp
10,Siggi's - Black Cherry,3.9,assets/images/items/Bowow-Builder-Images/Siggi's - Black Cherry.webp
11,Siggi's - Vanilla,3.9,assets/images/items/Bowow-Builder-Images/Siggi's - Vanilla.webp
12,Pocky Sticks - Strawberry,2.80,assets/images/items/Bowow-Builder-Images/Pocky Sticks - Strawberry.webp
13,Pocky Sticks - Chocolate,2.80,assets/images/items/Bowow-Builder-Images/Pocky Sticks - Chocolate.webp
14,Pocky Sticks - Matcha,2.80,assets/images/items/Bowow-Builder-Images/Pocky Sticks - Matcha.webp
15,Greystone - Vegan Fudge Brownie,3.00,assets/images/items/Bowow-Builder-Images/Greystone - Vegan Fudge Brownie.webp
16,Greystone - Vegan Cinnamon Roll,3.00,assets/images/items/Bowow-Builder-Images/Greystone - Vegan Cinnamon Roll.webp
17,La Fermieroe Dessert - Pistachio Creme,4.50,assets/images/items/Bowow-Builder-Images/La Fermieroe Dessert - Pistachio Creme.webp
18,Marie Morin Dessert - Mousse Cake,4.50,assets/images/items/Bowow-Builder-Images/Marie Morin Dessert - Mousse Cake.webp
19,Marie Morin Dessert - Cheesecake,4.50,assets/images/items/Bowow-Builder-Images/Marie Morin Dessert - Cheesecake.webp
20,Kozyshack - Rice Pudding,1.10,assets/images/items/Bowow-Builder-Images/Kozyshack - Rice Pudding.webp
21,Swiss Rolls - Strawberry,6.00,assets/images/items/Bowow-Builder-Images/Swiss Rolls - Strawberry.webp
22,Swiss Rolls - Cocoa,6.00,assets/images/items/Bowow-Builder-Images/Swiss Rolls - Cocoa.webp
23,Swiss Rolls - Old Fashion,6.00,assets/images/items/Bowow-Builder-Images/Swiss Rolls - Old Fashion.webp
24,Swiss Rolls - Green Tea,6.00,assets/images/items/Bowow-Builder-Images/Swiss Rolls - Green Tea.webp
25,Hail Merry Cups - Key Lime Pie,4.50,assets/images/items/Bowow-Builder-Images/Hail Merry Cups - Key Lime Pie.webp
26,Hail Merry Cups - Espresso,4.50,assets/images/items/Bowow-Builder-Images/Hail Merry Cups - Espresso.webp
27,Hail Merry Cups - Almond Butter,4.50,assets/images/items/Bowow-Builder-Images/Hail Merry Cups - Almond Butter.webp
28,Perfect Bar - Salted Caramel,4.00,assets/images/items/Bowow-Builder-Images/Perfect Bar - Salted Caramel.webp
29,Perfect Bar - Chocolate Hazelnut Crisp,4.00,assets/images/items/Bowow-Builder-Images/Perfect Bar - Chocolate Hazelnut Crisp.webp
30,Perfect Bar - Dark Chocolate Almond,4.00,assets/images/items/Bowow-Builder-Images/Perfect Bar - Dark Chocolate Almond.webp
31,Perfect Bar - Peanut Butter,4.00,assets/images/items/Bowow-Builder-Images/Perfect Bar - Peanut Butter.webp
32,Abe's Mom - Gluten Free Muffin - coffee cake,3.50,assets/images/items/Bowow-Builder-Images/Abe's Mom - Gluten Free Muffin - coffee cake.webp
33,Abe's Mom - Vegan Muffin - blueberry,3.50,assets/images/items/Bowow-Builder-Images/Abe's Mom - Vegan Muffin - blueberry.webp
34,Bakerly - Chocolate Hazelnut Crepes,6,assets/images/items/Bowow-Builder-Images/Bakerly - Chocolate Hazelnut Crepes.webp
35,Bakerly - Strawberry Filled Crepes,6,assets/images/items/Bowow-Builder-Images/Bakerly - Strawberry Filled Crepes.webp
36,Justins - Peanut Butter Cups - Dark Chocolate,2.8,assets/images/items/Bowow-Builder-Images/Justins - Peanut Butter Cups - Dark Chocolate.webp
37,Justin's - Almond Butter Cups - Dark Chocolate,2.8,assets/images/items/Bowow-Builder-Images/Justin's - Almond Butter Cups - Dark Chocolate.webp
38,Justin's - Almond Butter Squeeze,1.7,assets/images/items/Bowow-Builder-Images/Justin's - Almond Butter Squeeze.webp
39,Justin's - Hazelnut & Almond Butter Squeeze,1.7,assets/images/items/Bowow-Builder-Images/Justin's - Hazelnut & Almond Butter Squeeze.webp
40,Pipcorn - Cinnamon Sugar Twists,2.25,assets/images/items/Bowow-Builder-Images/Pipcorn - Cinnamon Sugar Twists.webp
41,Tortilleria Mi Niña - Organic Sea Salt,7,assets/images/items/Bowow-Builder-Images/Tortilleria Mi Niña - Organic Sea Salt.webp
42,The Bites Company - Biscotti Lemon Bites (4.5 OZ),5.5,assets/images/items/Bowow-Builder-Images/The Bites Company - Biscotti Lemon Bites (4.5 OZ).webp
43,The Bites Company - Biscotti Almond Bites (4.5 OZ),5.5,assets/images/items/Bowow-Builder-Images/The Bites Company - Biscotti Almond Bites (4.5 OZ).webp
44,The Bites Company - Biscotti Chocolate Bites (4.5 OZ),5.5,assets/images/items/Bowow-Builder-Images/The Bites Company - Biscotti Chocolate Bites (4.5 OZ).webp
45,Tate's - Tiny Cookies,2.8,assets/images/items/Bowow-Builder-Images/Tate's - Tiny Cookies.webp
46,Michel & Augustin - Cookie Squares,2.5,assets/images/items/Bowow-Builder-Images/Michel & Augustin - Cookie Squares.webp
47,Lenny & Larry's - The Complete Cookie - White Chocolate Flavored Macademia,3.5,assets/images/items/Bowow-Builder-Images/Lenny & Larry's - The Complete Cookie - White Chocolate Flavored Macademia.webp
48,Lenny & Larry's - The Complete Cookie - Snickerdoodle,3.5,assets/images/items/Bowow-Builder-Images/Lenny & Larry's - The Complete Cookie - Snickerdoodle.webp
49,Annie's - Bunny Grahams - Honey,7.3,assets/images/items/Bowow-Builder-Images/Annie's - Bunny Grahams - Honey.webp
50,Tate's - Glutten Free Chocolate Chip Cookies,6.7,assets/images/items/Bowow-Builder-Images/Tate's - Glutten Free Chocolate Chip Cookies.webp
51,Michel & Augustin - Cookies Squares - Chocolate and Toasted Hazelnuts,6.95,assets/images/items/Bowow-Builder-Images/Michel & Augustin - Cookies Squares - Chocolate and Toasted Hazelnuts.webp
52,The Bites Company - Biscotti Chocolate Bites (1.25 OZ),3,assets/images/items/Bowow-Builder-Images/The Bites Company - Biscotti Chocolate Bites (1.25 OZ).webp
53,The Bites Company - Biscotti Lemon Bites (1.25 OZ),3,assets/images/items/Bowow-Builder-Images/The Bites Company - Biscotti Lemon Bites (1.25 OZ).webp
54,The Bites Company - Biscotti Brown Butter Bites (1.25 OZ),3,assets/images/items/Bowow-Builder-Images/The Bites Company - Biscotti Brown Butter Bites (1.25 OZ).webp
55,Free 2B - Sunflower Butter Cups - Chocolate,6.75,assets/images/items/Bowow-Builder-Images/Free 2B - Sunflower Butter Cups - Chocolate.webp
56,Free 2B - Sunflower Butter Cups - Dark Chocolate,4.75,assets/images/items/Bowow-Builder-Images/Free 2B - Sunflower Butter Cups - Dark Chocolate.webp
57,Panda - Licorice - Soft Original,4.75,assets/images/items/Bowow-Builder-Images/Panda - Licorice - Soft Original.webp
58,Panda - Licorice - Raspberry,4.75,assets/images/items/Bowow-Builder-Images/Panda - Licorice - Raspberry.webp
59,Darrell Lea - Australian Licorice - Original,4.75,assets/images/items/Bowow-Builder-Images/Darrell Lea - Australian Licorice - Original.webp
60,Darrell Lea - Australian Licorice - Strawberry,4.75,assets/images/items/Bowow-Builder-Images/Darrell Lea - Australian Licorice - Strawberry.webp
61,YumEarth - Glutten Free Gummy Bears,9.5,assets/images/items/Bowow-Builder-Images/YumEarth - Glutten Free Gummy Bears.webp
62,Smart Sweets - Sweet Fish,4,assets/images/items/Bowow-Builder-Images/Smart Sweets - Sweet Fish.webp
63,Smart Sweets - Sourblast Buddies,4,assets/images/items/Bowow-Builder-Images/Smart Sweets - Sourblast Buddies.webp
64,Smart Sweets - Peach Rings,4,assets/images/items/Bowow-Builder-Images/Smart Sweets - Peach Rings.webp
65,Sweet Street - Cinnamon Coffee Cake,2.5,assets/images/items/Bowow-Builder-Images/Sweet Street - Cinnamon Coffee Cake.webp
66,Sweet Street - Salted Carmel Cookie,2.5,assets/images/items/Bowow-Builder-Images/Sweet Street - Salted Carmel Cookie.webp
67,Sweet Street - Chewy Marshmallow,3,assets/images/items/Bowow-Builder-Images/Sweet Street - Chewy Marshmallow.webp
68,McVities - Digestives,5.75,assets/images/items/Bowow-Builder-Images/McVities - Digestives.webp
69,Loacker - Wafers - Vanilla,2,assets/images/items/Bowow-Builder-Images/Loacker - Wafers - Vanilla.webp
70,Loacker - Wafers - Double Chocolate,2,assets/images/items/Bowow-Builder-Images/Loacker - Wafers - Double Chocolate.webp
71,Loacker - Wafers - Chocolate,2,assets/images/items/Bowow-Builder-Images/Loacker - Wafers - Chocolate.webp
72,Equal Exchange - Dark Caramel Crunch,4.2,assets/images/items/Bowow-Builder-Images/Equal Exchange - Dark Caramel Crunch.webp
73,Equal Exchange - Extreme Dark,4.2,assets/images/items/Bowow-Builder-Images/Equal Exchange - Extreme Dark.webp
74,Equal Exchange - Panama Extra Dark,4.2,assets/images/items/Bowow-Builder-Images/Equal Exchange - Panama Extra Dark.webp
75,Equal Exchange - Coconut Milk,4.2,assets/images/items/Bowow-Builder-Images/Equal Exchange - Coconut Milk.webp
76,Chocolove - Chilies & Cherries in Dark Chocolate,5.05,assets/images/items/Bowow-Builder-Images/Chocolove - Chilies & Cherries in Dark Chocolate.webp
77,Chocolove - Toffee & Almond in Milk Chocolate,5.05,assets/images/items/Bowow-Builder-Images/Chocolove - Toffee & Almond in Milk Chocolate.webp
78,Swoffle - French Vanilla,2.8,assets/images/items/Bowow-Builder-Images/Swoffle - French Vanilla.webp
79,Swoffle - Caramel Filled,2.8,assets/images/items/Bowow-Builder-Images/Swoffle - Caramel Filled.webp
80,Swoffle - Dark Chocolate Dipped,2.8,assets/images/items/Bowow-Builder-Images/Swoffle - Dark Chocolate Dipped.webp
81,Unreal - Dark Chocolate Peanut Butter Cups,6.7,assets/images/items/Bowow-Builder-Images/Unreal - Dark Chocolate Peanut Butter Cups.webp
82,Unreal - Dark Chocolate Crispy Quinoa Gems,6.7,assets/images/items/Bowow-Builder-Images/Unreal - Dark Chocolate Crispy Quinoa Gems.webp
83,Sanders - Dark Chocolate Sea Salt Caramels,8,assets/images/items/Bowow-Builder-Images/Sanders - Dark Chocolate Sea Salt Caramels.webp
84,Undercover - Chocolate Quinoa Crisps - Dark Chocolate + Sea Salt,5,assets/images/items/Bowow-Builder-Images/Undercover - Chocolate Quinoa Crisps - Dark Chocolate + Sea Salt.webp
85,Cocomels - Bites - Sea Salt in Dark Chocolate,6.15,assets/images/items/Bowow-Builder-Images/Cocomels - Bites - Sea Salt in Dark Chocolate.webp
86,Cocomels - Coconut Milk Caramels - Sea Salt,6.15,assets/images/items/Bowow-Builder-Images/Cocomels - Coconut Milk Caramels - Sea Salt.webp
87,Halo - Ice Cream,8.95,assets/images/items/Bowow-Builder-Images/Halo - Ice Cream.webp
88,Quinn - Peanut Butter Filled Nuggets,5.9,assets/images/items/Bowow-Builder-Images/Quinn - Peanut Butter Filled Nuggets.webp
89,Flax4Life - Chocolate Brownies,2.25,assets/images/items/Bowow-Builder-Images/Flax4Life - Chocolate Brownies.webp
90,Bakerly - French Pancakes To Go,6,assets/images/items/Bowow-Builder-Images/Bakerly - French Pancakes To Go.webp
91,Yale - Avocado Roll,9.99,assets/images/items/Bowow-Builder-Images/Yale - Avocado Roll.webp
92,Yale - Vegtable Combo 10pc (brown rice) roll,7.99,assets/images/items/Bowow-Builder-Images/Yale - Vegtable Combo 10pc (brown rice) roll.webp
93,Yale - Cruncy California (white rice) roll,8.49,assets/images/items/Bowow-Builder-Images/Yale - Cruncy California (white rice) roll.webp
94,Yale - Spicy Shrimp roll,8.49,assets/images/items/Bowow-Builder-Images/Yale - Spicy Shrimp roll.webp
95,Yale - Spicy California roll (10pc),7.49,assets/images/items/Bowow-Builder-Images/Yale - Spicy California roll (10pc).webp
96,Yale - California roll,6.99,assets/images/items/Bowow-Builder-Images/Yale - California roll.webp
97,Yale - Shrimp Tempura Roll,9.99,assets/images/items/Bowow-Builder-Images/Yale - Shrimp Tempura Roll.webp
98,Yale - Crunchy Shrimp Tempura Roll,11.49,assets/images/items/Bowow-Builder-Images/Yale - Crunchy Shrimp Tempura Roll.webp
99,Yale - Red Rock Roll,10.49,assets/images/items/Bowow-Builder-Images/Yale - Red Rock Roll.webp
100,Yale - Dragon Roll,8.99,assets/images/items/Bowow-Builder-Images/Yale - Dragon Roll.webp
101,Yale - Spicy Shrimp roll,8.49,assets/images/items/Bowow-Builder-Images/Yale - Spicy Shrimp roll.webp
102,Yale - Nigiri,10.49,assets/images/items/Bowow-Builder-Images/Yale - Nigiri.webp
103,Yale - Rainbow Roll,11.99,assets/images/items/Bowow-Builder-Images/Yale - Rainbow Roll.webp
104,Yale - Spicy Tuna Roll (10 pc) (brown rice),8.99,assets/images/items/Bowow-Builder-Images/Yale - Spicy Tuna Roll (10 pc) (brown rice).webp
105,Yale - Spicy Salmon Roll,8.49,assets/images/items/Bowow-Builder-Images/Yale - Spicy Salmon Roll.webp
106,Yale - Chef Sampler A,13.99,assets/images/items/Bowow-Builder-Images/Yale - Chef Sampler A.webp
107,Yale - Salmon Avocado Roll (10 pc) (brown rice),8.99,assets/images/items/Bowow-Builder-Images/Yale - Salmon Avocado Roll (10 pc) (brown rice).webp
108,"Yale - Poke bowl - salmon, tuna",11.99,"assets/images/items/Bowow-Builder-Images/Yale - Poke bowl - salmon, tuna.webp"
109,Sanukiya - Udon,6.3,assets/images/items/Bowow-Builder-Images/Sanukiya - Udon.webp
110,Amy's Soup - Golden Lentil,5.25,assets/images/items/Bowow-Builder-Images/Amy's Soup - Golden Lentil.webp
111,Amy's Soup - Cream of Tomato,5.25,assets/images/items/Bowow-Builder-Images/Amy's Soup - Cream of Tomato.webp
112,Amy's Soup - Fresh Country Vegtable,5.25,assets/images/items/Bowow-Builder-Images/Amy's Soup - Fresh Country Vegtable.webp
113,Amy's Soup - Black bean vegtable,5.25,assets/images/items/Bowow-Builder-Images/Amy's Soup - Black bean vegtable.webp
114,Amy's Soup - Minestrone,5.25,assets/images/items/Bowow-Builder-Images/Amy's Soup - Minestrone.webp
115,Mike's Might Good - Beef Ramen,4,assets/images/items/Bowow-Builder-Images/Mike's Might Good - Beef Ramen.webp
116,Yale - Turkey Rango,8.5,assets/images/items/Bowow-Builder-Images/Yale - Turkey Rango.webp
117,Yale - Herbed Tuna Salad Sandwich,7.5,assets/images/items/Bowow-Builder-Images/Yale - Herbed Tuna Salad Sandwich.webp
118,Yale - Turkey and Cheddar on Multigrain,7.5,assets/images/items/Bowow-Builder-Images/Yale - Turkey and Cheddar on Multigrain.webp
119,Yale - Chicken Caprese,7.5,assets/images/items/Bowow-Builder-Images/Yale - Chicken Caprese.webp
120,Yale - Roast Beef Onion Dip Sandwich,7.5,assets/images/items/Bowow-Builder-Images/Yale - Roast Beef Onion Dip Sandwich.webp
121,Yale - Peanut Butter & Jelly Sandwich on Multigrain,5.5,assets/images/items/Bowow-Builder-Images/Yale - Peanut Butter & Jelly Sandwich on Multigrain.webp
122,Yale - Buffalo Cauliflower Wrap,7.5,assets/images/items/Bowow-Builder-Images/Yale - Buffalo Cauliflower Wrap.webp
123,Yale - Ratatouille Wrap,7.5,assets/images/items/Bowow-Builder-Images/Yale - Ratatouille Wrap.webp
124,The Good Crisp Company - Classic Original-- Small,2.5,assets/images/items/Bowow-Builder-Images/The Good Crisp Company - Classic Original-- Small.webp
125,The Good Crisp Company - Classic Original-- Large,5,assets/images/items/Bowow-Builder-Images/The Good Crisp Company - Classic Original-- Large.webp
126,The Good Crisp Company - Sour Cream & Onion -- Small,2.5,assets/images/items/Bowow-Builder-Images/The Good Crisp Company - Sour Cream & Onion -- Small.webp
127,The Good Crisp Company - Sour Cream & Onion -- Large,5,assets/images/items/Bowow-Builder-Images/The Good Crisp Company - Sour Cream & Onion -- Large.webp
128,Harvest Snaps - Baked Green pea Snacks,4.40,assets/images/items/Bowow-Builder-Images/Harvest Snaps - Baked Green pea Snacks.webp
129,Quinn - Sea Salt pretzel Sticks,2,assets/images/items/Bowow-Builder-Images/Quinn - Sea Salt pretzel Sticks.webp
130,Quinn - Creaming Peanut Butter filled pretzel nuggets,5.9,assets/images/items/Bowow-Builder-Images/Quinn - Creaming Peanut Butter filled pretzel nuggets.webp
131,Good Health - Peanut butter filled pretzels,5.5,assets/images/items/Bowow-Builder-Images/Good Health - Peanut butter filled pretzels.webp
132,Terra - Sweet Potato Chips,2.25,assets/images/items/Bowow-Builder-Images/Terra - Sweet Potato Chips.webp
133,Nori Maki Arare - Rice Cracker With Seaweed (wasabi flavor),4.00,assets/images/items/Bowow-Builder-Images/Nori Maki Arare - Rice Cracker With Seaweed (wasabi flavor).webp
134,Gimme - Seaweed Snacks - Sea Salt,3.00,assets/images/items/Bowow-Builder-Images/Gimme - Seaweed Snacks - Sea Salt.webp
135,Gimme - Seaweed Snacks - Teriyaki,3.00,assets/images/items/Bowow-Builder-Images/Gimme - Seaweed Snacks - Teriyaki.webp
136,GGE Wheat Crackers - Soy Sauce Flavor,2.5,assets/images/items/Bowow-Builder-Images/GGE Wheat Crackers - Soy Sauce Flavor.webp
137,GGE Wheat Crackers - Seaweed Flavor,2.5,assets/images/items/Bowow-Builder-Images/GGE Wheat Crackers - Seaweed Flavor.webp
138,GGE Wheat Crackers - BBQ Flavor,2.5,assets/images/items/Bowow-Builder-Images/GGE Wheat Crackers - BBQ Flavor.webp
139,GGE Wheat Crackers - Hot Chili Flavor,2.5,assets/images/items/Bowow-Builder-Images/GGE Wheat Crackers - Hot Chili Flavor.webp
140,Babystar - Crispy Ramen Snack - Garlic Flavor,3.75,assets/images/items/Bowow-Builder-Images/Babystar - Crispy Ramen Snack - Garlic Flavor.webp
141,Three Framers - Fava Beans - Sea Salt,6.45,assets/images/items/Bowow-Builder-Images/Three Framers - Fava Beans - Sea Salt.webp
142,Three Framers - Fava Beans - Sweet Chili,6.45,assets/images/items/Bowow-Builder-Images/Three Framers - Fava Beans - Sweet Chili.webp
143,Planters - Trail Mix - Nuts & Chocolate,2,assets/images/items/Bowow-Builder-Images/Planters - Trail Mix - Nuts & Chocolate.webp
144,Planters - Trail Mix - Nuts & Tropical Fruit,2,assets/images/items/Bowow-Builder-Images/Planters - Trail Mix - Nuts & Tropical Fruit.webp
145,"Love, Corn - Sea Salt",3.35,"assets/images/items/Bowow-Builder-Images/Love, Corn - Sea Salt.webp"
146,"Love, Corn - Smoked bbq",3.35,"assets/images/items/Bowow-Builder-Images/Love, Corn - Smoked bbq.webp"
147,Orchard Valley Harvest - Nuts Snack,2.5,assets/images/items/Bowow-Builder-Images/Orchard Valley Harvest - Nuts Snack.webp
148,Orchard Valley Harvest - Nuts Snack,2.5,assets/images/items/Bowow-Builder-Images/Orchard Valley Harvest - Nuts Snack.webp
149,Sahale - Trail Mix - Honey Almonds (1.5 OZ),2.8,assets/images/items/Bowow-Builder-Images/Sahale - Trail Mix - Honey Almonds (1.5 OZ).webp
150,Sahale - Trail Mix - Fruit & Nut (1.5 OZ),2.8,assets/images/items/Bowow-Builder-Images/Sahale - Trail Mix - Fruit & Nut (1.5 OZ).webp
151,Sahale - Trail Mix - Pomegranate Vanilla Flavored Cashews (1.5 OZ),2.8,assets/images/items/Bowow-Builder-Images/Sahale - Trail Mix - Pomegranate Vanilla Flavored Cashews (1.5 OZ).webp
152,Sahale - Trail Mix - Pomegranate Vanilla Flavored Cashews (4 OZ),7.3,assets/images/items/Bowow-Builder-Images/Sahale - Trail Mix - Pomegranate Vanilla Flavored Cashews (4 OZ).webp
153,Sahale - Trail Mix - Pomegranate Flavored Pistachios (4 OZ),7.3,assets/images/items/Bowow-Builder-Images/Sahale - Trail Mix - Pomegranate Flavored Pistachios (4 OZ).webp
154,Pipcorn - Sea Salt Mini Popcorn,2.25,assets/images/items/Bowow-Builder-Images/Pipcorn - Sea Salt Mini Popcorn.webp
155,Pipcorn - Real Cheddar Cheese Balls,2.25,assets/images/items/Bowow-Builder-Images/Pipcorn - Real Cheddar Cheese Balls.webp
156,Garden Veggie Snacks - Sea Salt Veggie Straws,5,assets/images/items/Bowow-Builder-Images/Garden Veggie Snacks - Sea Salt Veggie Straws.webp
157,LesserEvil - Fiery Hot Popcorn,5,assets/images/items/Bowow-Builder-Images/LesserEvil - Fiery Hot Popcorn.webp
158,LesserEvil - Oh my Gee Popcorn,5,assets/images/items/Bowow-Builder-Images/LesserEvil - Oh my Gee Popcorn.webp
159,Popcorn Indiana - Sweet & Salty Kettle Corn,5,assets/images/items/Bowow-Builder-Images/Popcorn Indiana - Sweet & Salty Kettle Corn.webp
160,Orville Redenbacher's - Butter Classic Popcorn,1,assets/images/items/Bowow-Builder-Images/Orville Redenbacher's - Butter Classic Popcorn.webp
161,Hippeas - Groovy White Cheddar,2.75,assets/images/items/Bowow-Builder-Images/Hippeas - Groovy White Cheddar.webp
162,Stacy’s Pita Chips - Simply Naked,1.8,assets/images/items/Bowow-Builder-Images/Stacy’s Pita Chips - Simply Naked.webp
163,Stacy’s Pita Chips - Parmesan & Garlic,1.8,assets/images/items/Bowow-Builder-Images/Stacy’s Pita Chips - Parmesan & Garlic.webp
164,Stacy’s Pita Chips - Cinnamon Sugar,1.8,assets/images/items/Bowow-Builder-Images/Stacy’s Pita Chips - Cinnamon Sugar.webp
165,Vista Hermosa - Sea Salt,8.5,assets/images/items/Bowow-Builder-Images/Vista Hermosa - Sea Salt.webp
166,Vista Hermosa - Blue Corn,8.5,assets/images/items/Bowow-Builder-Images/Vista Hermosa - Blue Corn.webp
167,Green Mountain Gringo - Hot Salsa,6.55,assets/images/items/Bowow-Builder-Images/Green Mountain Gringo - Hot Salsa.webp
168,Green Mountain Gringo - Mild Salsa,6.55,assets/images/items/Bowow-Builder-Images/Green Mountain Gringo - Mild Salsa.webp
169,Annie's - Cheddar Bunnies - Original,6.25,assets/images/items/Bowow-Builder-Images/Annie's - Cheddar Bunnies - Original.webp
170,Cape Code - Chips - Sea Salt,1.5,assets/images/items/Bowow-Builder-Images/Cape Code - Chips - Sea Salt.webp
171,Rold Gold - Prezel - Original,1.5,assets/images/items/Bowow-Builder-Images/Rold Gold - Prezel - Original.webp
172,Pirates Booty - Aged White Cheddar,1.5,assets/images/items/Bowow-Builder-Images/Pirates Booty - Aged White Cheddar.webp
173,The Good Crisp Company - Outback BBQ -- Large,5,assets/images/items/Bowow-Builder-Images/The Good Crisp Company - Outback BBQ -- Large.webp
174,Mavuno Harvest - Dried Organic Jackfruit,4.2,assets/images/items/Bowow-Builder-Images/Mavuno Harvest - Dried Organic Jackfruit.webp
175,Mavuno Harvest - Dried Organic Coconut,4.2,assets/images/items/Bowow-Builder-Images/Mavuno Harvest - Dried Organic Coconut.webp
176,Mamma Chia - Chia Squeeze - Green Magic,3,assets/images/items/Bowow-Builder-Images/Mamma Chia - Chia Squeeze - Green Magic.webp
177,Mamma Chia - Chia Squeeze - Strawberry Banana,3,assets/images/items/Bowow-Builder-Images/Mamma Chia - Chia Squeeze - Strawberry Banana.webp
178,Mamma Chia - Chia Squeeze - Wild Raspberry,3,assets/images/items/Bowow-Builder-Images/Mamma Chia - Chia Squeeze - Wild Raspberry.webp
179,Mamma Chia - Chia Squeeze - Blackberry Bliss,3,assets/images/items/Bowow-Builder-Images/Mamma Chia - Chia Squeeze - Blackberry Bliss.webp
180,Noka - Superfood Smoothie - Cherry Acai,3.9,assets/images/items/Bowow-Builder-Images/Noka - Superfood Smoothie - Cherry Acai.webp
181,Noka - Superfood Smoothie - Mango Coconut,3.9,assets/images/items/Bowow-Builder-Images/Noka - Superfood Smoothie - Mango Coconut.webp
182,That's It - Fruit Bar - Apple + Blueberry,2.25,assets/images/items/Bowow-Builder-Images/That's It - Fruit Bar - Apple + Blueberry.webp
183,That's It - Fruit Bar - Apple + Mango,2.25,assets/images/items/Bowow-Builder-Images/That's It - Fruit Bar - Apple + Mango.webp
184,Yale - Oranges,1,assets/images/items/Bowow-Builder-Images/Yale - Oranges.webp
185,Yale - Apple,1,assets/images/items/Bowow-Builder-Images/Yale - Apple.webp
186,Yale - Banana,1,assets/images/items/Bowow-Builder-Images/Yale - Banana.webp
187,Oh snap - Hottie Bites - Spicy Pickles,2.50,assets/images/items/Bowow-Builder-Images/Oh snap - Hottie Bites - Spicy Pickles.webp
188,Oh snap - Dilly Bites - Spicy Pickles,2.50,assets/images/items/Bowow-Builder-Images/Oh snap - Dilly Bites - Spicy Pickles.webp
189,Cedar Snack Pack - dark chocolate hommus with pretzels,4.20,assets/images/items/Bowow-Builder-Images/Cedar Snack Pack - dark chocolate hommus with pretzels.webp
190,Cedar Snack Pack - Garlic Hommus and Chips,4.20,assets/images/items/Bowow-Builder-Images/Cedar Snack Pack - Garlic Hommus and Chips.webp
191,Cedar Snack Pack - Original Hommus and Chips,4.20,assets/images/items/Bowow-Builder-Images/Cedar Snack Pack - Original Hommus and Chips.webp
192,Esti - tzatziki and pita chips,5.00,assets/images/items/Bowow-Builder-Images/Esti - tzatziki and pita chips.webp
193,Esti - Baba Ghanoush and pita chips,5.00,assets/images/items/Bowow-Builder-Images/Esti - Baba Ghanoush and pita chips.webp
194,Esti - Eggplant Hummus,5.55,assets/images/items/Bowow-Builder-Images/Esti - Eggplant Hummus.webp
195,Rosell - String Cheese,1.00,assets/images/items/Bowow-Builder-Images/Rosell - String Cheese.webp
196,Cabot - Cheese,1.00,assets/images/items/Bowow-Builder-Images/Cabot - Cheese.webp
197,Organic Valley - String Cheese,1.00,assets/images/items/Bowow-Builder-Images/Organic Valley - String Cheese.webp
198,Fillo's - Walking Tamales - bean salsa habanero,4,assets/images/items/Bowow-Builder-Images/Fillo's - Walking Tamales - bean salsa habanero.webp
199,Fillo's - Walking Tamales - bean salsa verde,4,assets/images/items/Bowow-Builder-Images/Fillo's - Walking Tamales - bean salsa verde.webp
200,Amy's - Snacks - Cheese Pizza,7,assets/images/items/Bowow-Builder-Images/Amy's - Snacks - Cheese Pizza.webp
201,Amy's - Mac & Cheese,7,assets/images/items/Bowow-Builder-Images/Amy's - Mac & Cheese.webp
202,Amy's - Bowls - Tortellini,9,assets/images/items/Bowow-Builder-Images/Amy's - Bowls - Tortellini.webp
203,Amy's - Bowls - Country Cheddar,9,assets/images/items/Bowow-Builder-Images/Amy's - Bowls - Country Cheddar.webp
204,Amy's - Bowls - 3 Chese & Kale Bake,9,assets/images/items/Bowow-Builder-Images/Amy's - Bowls - 3 Chese & Kale Bake.webp
205,Amy's - Bowls - Mushroom Risotto,9,assets/images/items/Bowow-Builder-Images/Amy's - Bowls - Mushroom Risotto.webp
206,Amy's - Chese Enchilada,8.7,assets/images/items/Bowow-Builder-Images/Amy's - Chese Enchilada.webp
207,Amy's - Burrito,6,assets/images/items/Bowow-Builder-Images/Amy's - Burrito.webp
208,Evol - Teriyaki Chicken,6.7,assets/images/items/Bowow-Builder-Images/Evol - Teriyaki Chicken.webp
209,Amy's - Cheese Enchilada,7.5,assets/images/items/Bowow-Builder-Images/Amy's - Cheese Enchilada.webp
210,Tropicana - Orange Juice Original (No Pulp),3,assets/images/items/Bowow-Builder-Images/Tropicana - Orange Juice Original (No Pulp).webp
211,Tropicana - Cranberry Cocktail,2.25,assets/images/items/Bowow-Builder-Images/Tropicana - Cranberry Cocktail.webp
212,Tropicana - Apple Juice,2.25,assets/images/items/Bowow-Builder-Images/Tropicana - Apple Juice.webp
213,Naked - Naked Juice Blue Machine,5,assets/images/items/Bowow-Builder-Images/Naked - Naked Juice Blue Machine.webp
214,Naked - Naked Juice Green Machine,5,assets/images/items/Bowow-Builder-Images/Naked - Naked Juice Green Machine.webp
215,Naked - Naked Juice Strawberry Banana,5,assets/images/items/Bowow-Builder-Images/Naked - Naked Juice Strawberry Banana.webp
216,Naked - Naked Juice Pina Colada,5,assets/images/items/Bowow-Builder-Images/Naked - Naked Juice Pina Colada.webp
217,Pure Leaf - Pure Leaf Green Tea Unsweetened,3.25,assets/images/items/Bowow-Builder-Images/Pure Leaf - Pure Leaf Green Tea Unsweetened.webp
218,Pure Leaf - Pure Leaf Sweet Tea,3.25,assets/images/items/Bowow-Builder-Images/Pure Leaf - Pure Leaf Sweet Tea.webp
219,Pure Leaf - Pure Leaf Raspberry,3.25,assets/images/items/Bowow-Builder-Images/Pure Leaf - Pure Leaf Raspberry.webp
220,Pure Leaf - Pure Leaf Lemon,3.25,assets/images/items/Bowow-Builder-Images/Pure Leaf - Pure Leaf Lemon.webp
221,Pure Leaf - Pure Leaf Peach,3.25,assets/images/items/Bowow-Builder-Images/Pure Leaf - Pure Leaf Peach.webp
222,Vitamin Water - Zero Sugar Squeezed Lemonade,3.1,assets/images/items/Bowow-Builder-Images/Vitamin Water - Zero Sugar Squeezed Lemonade.webp
223,Vitamin Water - Focus Kiwi Strawberry,3.1,assets/images/items/Bowow-Builder-Images/Vitamin Water - Focus Kiwi Strawberry.webp
224,Vitamin Water - Energy Tropical Citrus,3.1,assets/images/items/Bowow-Builder-Images/Vitamin Water - Energy Tropical Citrus.webp
225,Vitamin Water - Essential Orange-Orange,3.1,assets/images/items/Bowow-Builder-Images/Vitamin Water - Essential Orange-Orange.webp
226,Vitamin Water - Refresh Tropical Mango,3.1,assets/images/items/Bowow-Builder-Images/Vitamin Water - Refresh Tropical Mango.webp
227,Vitamin Water - Power-c Dragonfruit,3.1,assets/images/items/Bowow-Builder-Images/Vitamin Water - Power-c Dragonfruit.webp
228,Vitamin Water - XXX Açai Blueberry Pomegranate,3.1,assets/images/items/Bowow-Builder-Images/Vitamin Water - XXX Açai Blueberry Pomegranate.webp
229,Coca Cola - Orignal Taste,4,assets/images/items/Bowow-Builder-Images/Coca Cola - Orignal Taste.webp
230,Coca Cola - Diet Coke,4,assets/images/items/Bowow-Builder-Images/Coca Cola - Diet Coke.webp
231,Coca Cola - Cherry Coke,4,assets/images/items/Bowow-Builder-Images/Coca Cola - Cherry Coke.webp
232,Canada Dry - Gingerale,4,assets/images/items/Bowow-Builder-Images/Canada Dry - Gingerale.webp
233,Fairlife - Lactose-Free 2% Milk,3.1,assets/images/items/Bowow-Builder-Images/Fairlife - Lactose-Free 2% Milk.webp
234,Muscle Milk - Intense Vanilla Protein Shake,7,assets/images/items/Bowow-Builder-Images/Muscle Milk - Intense Vanilla Protein Shake.webp
235,Muscle Milk - Strawberries 'N Creme Protein Shake,7,assets/images/items/Bowow-Builder-Images/Muscle Milk - Strawberries 'N Creme Protein Shake.webp
236,Muscle Milk - Chocolate Protein Shake,7,assets/images/items/Bowow-Builder-Images/Muscle Milk - Chocolate Protein Shake.webp
237,Starbucks - Mocha Frappuccino,4.75,assets/images/items/Bowow-Builder-Images/Starbucks - Mocha Frappuccino.webp
238,Starbucks - Coffee Frappuccino,4.75,assets/images/items/Bowow-Builder-Images/Starbucks - Coffee Frappuccino.webp
239,Starbucks - Vanilla Frappuccino,4.75,assets/images/items/Bowow-Builder-Images/Starbucks - Vanilla Frappuccino.webp
240,Starbucks - Vanilla Sweet Cream Nitro Cold Brew,5,assets/images/items/Bowow-Builder-Images/Starbucks - Vanilla Sweet Cream Nitro Cold Brew.webp
241,Gatorade - Zero Sugar Glacier Freeze,3.5,assets/images/items/Bowow-Builder-Images/Gatorade - Zero Sugar Glacier Freeze.webp
242,Gatorade - Ice Punch,3.5,assets/images/items/Bowow-Builder-Images/Gatorade - Ice Punch.webp
243,Gatorade - Cool Blue,3.5,assets/images/items/Bowow-Builder-Images/Gatorade - Cool Blue.webp
244,Gatorade - Berry,3.5,assets/images/items/Bowow-Builder-Images/Gatorade - Berry.webp
245,Gatorade - Lemon Lime,3.5,assets/images/items/Bowow-Builder-Images/Gatorade - Lemon Lime.webp
246,Gatorade - Orange,3.5,assets/images/items/Bowow-Builder-Images/Gatorade - Orange.webp
247,Gatorade - Gatorlyte Cherry Lime,4.5,assets/images/items/Bowow-Builder-Images/Gatorade - Gatorlyte Cherry Lime.webp
248,Gatorade - Gatorlyte Orange,4.5,assets/images/items/Bowow-Builder-Images/Gatorade - Gatorlyte Orange.webp
249,Life Wtr - Bottled Water,3.9,assets/images/items/Bowow-Builder-Images/Life Wtr - Bottled Water.webp
250,Bubly - Lime Bubly,2.25,assets/images/items/Bowow-Builder-Images/Bubly - Lime Bubly.webp
251,Bubly - Blackberry Bubly,2.25,assets/images/items/Bowow-Builder-Images/Bubly - Blackberry Bubly.webp
252,Bubly - Grapefruit Bubly,2.25,assets/images/items/Bowow-Builder-Images/Bubly - Grapefruit Bubly.webp
253,Pepsi - Orginal Pepsi,4,assets/images/items/Bowow-Builder-Images/Pepsi - Orginal Pepsi.webp
254,Pepsi - Diet Pepsi,4,assets/images/items/Bowow-Builder-Images/Pepsi - Diet Pepsi.webp
255,Schweppes - Gingerale,4,assets/images/items/Bowow-Builder-Images/Schweppes - Gingerale.webp
256,Schweppes - Lemon Lime,4,assets/images/items/Bowow-Builder-Images/Schweppes - Lemon Lime.webp
257,Dr Pepper - Original Dr Pepper,4,assets/images/items/Bowow-Builder-Images/Dr Pepper - Original Dr Pepper.webp
258,Dr Pepper - Diet Dr Pepper,4,assets/images/items/Bowow-Builder-Images/Dr Pepper - Diet Dr Pepper.webp
259,Living juice - Carrot Kick,3.5,assets/images/items/Bowow-Builder-Images/Living juice - Carrot Kick.webp
260,Living juice - Pineapple Punch,3.5,assets/images/items/Bowow-Builder-Images/Living juice - Pineapple Punch.webp
261,Living juice - Red Radiance,3.5,assets/images/items/Bowow-Builder-Images/Living juice - Red Radiance.webp
262,Sol Ti Shot - Turmeric shot,4.25,assets/images/items/Bowow-Builder-Images/Sol Ti Shot - Turmeric shot.webp
263,Sol Ti Shot - Ginger shot,4.25,assets/images/items/Bowow-Builder-Images/Sol Ti Shot - Ginger shot.webp
264,Sol Ti Shot - Superboost,4.25,assets/images/items/Bowow-Builder-Images/Sol Ti Shot - Superboost.webp
265,Sol Ti Shot - Immuniti,4.25,assets/images/items/Bowow-Builder-Images/Sol Ti Shot - Immuniti.webp
266,Stumpton Coffee - Chocolate Cold Brew with OATLY,5,assets/images/items/Bowow-Builder-Images/Stumpton Coffee - Chocolate Cold Brew with OATLY.webp
267,Stumpton Coffee - Original Cold Brew with OATLY,5,assets/images/items/Bowow-Builder-Images/Stumpton Coffee - Original Cold Brew with OATLY.webp
268,Stumpton Coffee - Horchata Cold Brew with OATLY,5,assets/images/items/Bowow-Builder-Images/Stumpton Coffee - Horchata Cold Brew with OATLY.webp
269,Muscle Milk - Muscle Milk PRO - intense vanilla,7,assets/images/items/Bowow-Builder-Images/Muscle Milk - Muscle Milk PRO - intense vanilla.webp
270,Muscle Milk - Muscle Milk PRO - slammin' strawberry,7,assets/images/items/Bowow-Builder-Images/Muscle Milk - Muscle Milk PRO - slammin' strawberry.webp
271,Muscle Milk - Muscle Milk PRO - knockout chocolate,7,assets/images/items/Bowow-Builder-Images/Muscle Milk - Muscle Milk PRO - knockout chocolate.webp
272,Core Power - Fairlife - Strawberry Banana,3.1,assets/images/items/Bowow-Builder-Images/Core Power - Fairlife - Strawberry Banana.webp
273,Core Power - Fairlife - Chocolate,3.1,assets/images/items/Bowow-Builder-Images/Core Power - Fairlife - Chocolate.webp
274,Core Power - Fairlife - Ultra Filtered Milk,3.1,assets/images/items/Bowow-Builder-Images/Core Power - Fairlife - Ultra Filtered Milk.webp
275,Poppi - Orange,3.35,assets/images/items/Bowow-Builder-Images/Poppi - Orange.webp
276,Poppi - Doc Pop,3.35,assets/images/items/Bowow-Builder-Images/Poppi - Doc Pop.webp
277,Poppi - Strawberry Lemon,3.35,assets/images/items/Bowow-Builder-Images/Poppi - Strawberry Lemon.webp
278,Poppi - Cherry Cola,3.35,assets/images/items/Bowow-Builder-Images/Poppi - Cherry Cola.webp
279,Poppi - Lemon Lime,3.35,assets/images/items/Bowow-Builder-Images/Poppi - Lemon Lime.webp
280,Poppi - Raspberry Rose,3.35,assets/images/items/Bowow-Builder-Images/Poppi - Raspberry Rose.webp
281,Poppi - Ginger Lime,3.35,assets/images/items/Bowow-Builder-Images/Poppi - Ginger Lime.webp
282,Poppi - Watermelon,3.35,assets/images/items/Bowow-Builder-Images/Poppi - Watermelon.webp
283,Poppi - Root Beer,3.35,assets/images/items/Bowow-Builder-Images/Poppi - Root Beer.webp
284,Poppi - Classic Cola,3.35,assets/images/items/Bowow-Builder-Images/Poppi - Classic Cola.webp
285,Olipop - Cherry Vanilla,3.5,assets/images/items/Bowow-Builder-Images/Olipop - Cherry Vanilla.webp
286,Sanzo Sparkling - Yuzu,3.25,assets/images/items/Bowow-Builder-Images/Sanzo Sparkling - Yuzu.webp
287,Sanzo Sparkling - Lychee,3.25,assets/images/items/Bowow-Builder-Images/Sanzo Sparkling - Lychee.webp
288,Sanzo Sparkling - Mango,3.25,assets/images/items/Bowow-Builder-Images/Sanzo Sparkling - Mango.webp
289,Boxed Water - Water,3,assets/images/items/Bowow-Builder-Images/Boxed Water - Water.webp
290,Tractor - Mango,3.5,assets/images/items/Bowow-Builder-Images/Tractor - Mango.webp
291,Tractor - Strawberry,3.5,assets/images/items/Bowow-Builder-Images/Tractor - Strawberry.webp
292,Tractor - Lemon,3.5,assets/images/items/Bowow-Builder-Images/Tractor - Lemon.webp
293,Tractor - Grape,3.5,assets/images/items/Bowow-Builder-Images/Tractor - Grape.webp
294,Just Ice Tea - Morrocan Mint,3.25,assets/images/items/Bowow-Builder-Images/Just Ice Tea - Morrocan Mint.webp
295,Just Ice Tea - Hibiscus,3.25,assets/images/items/Bowow-Builder-Images/Just Ice Tea - Hibiscus.webp
296,Just Ice Tea - Half Tea and Half Lemonade,3.25,assets/images/items/Bowow-Builder-Images/Just Ice Tea - Half Tea and Half Lemonade.webp
297,Just Ice Tea - Green Tea Honey,3.25,assets/images/items/Bowow-Builder-Images/Just Ice Tea - Green Tea Honey.webp
298,Health Ade Kombucha - Pomegranate-blueberry,5,assets/images/items/Bowow-Builder-Images/Health Ade Kombucha - Pomegranate-blueberry.webp
299,Health Ade Kombucha - Ginger lemon,5,assets/images/items/Bowow-Builder-Images/Health Ade Kombucha - Ginger lemon.webp
300,Wondermelon Juice - Watermelon cucumber basil,4.5,assets/images/items/Bowow-Builder-Images/Wondermelon Juice - Watermelon cucumber basil.webp
301,Copra - Young thai coconut vater,4.75,assets/images/items/Bowow-Builder-Images/Copra - Young thai coconut vater.webp
302,essential - bottled water,2.25,assets/images/items/Bowow-Builder-Images/essential - bottled water.webp
303,Red jacket - Fuji,3.5,assets/images/items/Bowow-Builder-Images/Red jacket - Fuji.webp
304,Red jacket - Ny Style lemonade,3.5,assets/images/items/Bowow-Builder-Images/Red jacket - Ny Style lemonade.webp
305,Poland Spring - Orange,2.2,assets/images/items/Bowow-Builder-Images/Poland Spring - Orange.webp
306,Poland Spring - Lime,2.2,assets/images/items/Bowow-Builder-Images/Poland Spring - Lime.webp
307,Poland Spring - Lemon,2.2,assets/images/items/Bowow-Builder-Images/Poland Spring - Lemon.webp
308,Poland Spring - Strawberry Lime,2.2,assets/images/items/Bowow-Builder-Images/Poland Spring - Strawberry Lime.webp
309,Moshi Sparkling - Red Shisho and Apple,3.5,assets/images/items/Bowow-Builder-Images/Moshi Sparkling - Red Shisho and Apple.webp
310,Moshi Sparkling - White Peach,3.5,assets/images/items/Bowow-Builder-Images/Moshi Sparkling - White Peach.webp
311,Natalie's - Natural Lemonade,4.5,assets/images/items/Bowow-Builder-Images/Natalie's - Natural Lemonade.webp
312,OWYN - Cookies & Creamless,5,assets/images/items/Bowow-Builder-Images/OWYN - Cookies & Creamless.webp
313,OWYN - Dark Chocolate,5,assets/images/items/Bowow-Builder-Images/OWYN - Dark Chocolate.webp
314,OWYN - Cold Brew Coffee,5,assets/images/items/Bowow-Builder-Images/OWYN - Cold Brew Coffee.webp
315,La Colombe - Draft Latte- Mocha,4.4,assets/images/items/Bowow-Builder-Images/La Colombe - Draft Latte- Mocha.webp
316,La Colombe - Draft Latte- Vanilla,4.4,assets/images/items/Bowow-Builder-Images/La Colombe - Draft Latte- Vanilla.webp
317,La Colombe - Draft Latte- Triple,4.4,assets/images/items/Bowow-Builder-Images/La Colombe - Draft Latte- Triple.webp
318,Noka Smoothie - Mango Coconut,3.9,assets/images/items/Bowow-Builder-Images/Noka Smoothie - Mango Coconut.webp
319,Noka Smoothie - Blueberry Beet,3.9,assets/images/items/Bowow-Builder-Images/Noka Smoothie - Blueberry Beet.webp
320,Orbit - Wrigley Orbit Gum,2.5,assets/images/items/Bowow-Builder-Images/Orbit - Wrigley Orbit Gum.webp
321,Tic Tac - Tic Tac- Winter Green,2.5,assets/images/items/Bowow-Builder-Images/Tic Tac - Tic Tac- Winter Green.webp
322,Honees - Honey Menthol Eucalyptes Drops,2.5,assets/images/items/Bowow-Builder-Images/Honees - Honey Menthol Eucalyptes Drops.webp
323,Pur Gum - Peppermint,2.5,assets/images/items/Bowow-Builder-Images/Pur Gum - Peppermint.webp
324,Pur Gum - Spearmint,2.5,assets/images/items/Bowow-Builder-Images/Pur Gum - Spearmint.webp
325,m&ms - Peanut M&MS,2.5,assets/images/items/Bowow-Builder-Images/m&ms - Peanut M&MS.webp
326,m&ms - M&MS,2.5,assets/images/items/Bowow-Builder-Images/m&ms - M&MS.webp
327,Sanders - Sea Salt Caramel,3,assets/images/items/Bowow-Builder-Images/Sanders - Sea Salt Caramel.webp
328,Kitkat - KitKat,2.5,assets/images/items/Bowow-Builder-Images/Kitkat - KitKat.webp
329,Reese's - Peanut Butter Cups,2.5,assets/images/items/Bowow-Builder-Images/Reese's - Peanut Butter Cups.webp
330,Hershey's - Milk Chocolate,2.5,assets/images/items/Bowow-Builder-Images/Hershey's - Milk Chocolate.webp
331,Loaker - Wafers- Classic,2,assets/images/items/Bowow-Builder-Images/Loaker - Wafers- Classic.webp
332,Yale - Commons To Go - Pasta Pulliese,12,assets/images/items/Bowow-Builder-Images/Yale - Commons To Go - Pasta Pulliese.webp
333,Yale - Commons To Go - Chicken Dumplings,12,assets/images/items/Bowow-Builder-Images/Yale - Commons To Go - Chicken Dumplings.webp
334,Yale - Commons To Go - Pork Dumplings,12,assets/images/items/Bowow-Builder-Images/Yale - Commons To Go - Pork Dumplings.webp
335,Kodiak - Flapjack Power Cup - Buttermilk & Maple,4,assets/images/items/Bowow-Builder-Images/Kodiak - Flapjack Power Cup - Buttermilk & Maple.webp
336,Kodiak - Flapjack Power Cup - Chocolate Chip & Maple,4,assets/images/items/Bowow-Builder-Images/Kodiak - Flapjack Power Cup - Chocolate Chip & Maple.webp
337,Bob's Red Mill - Gluten Free Oatmeal - Apple pieces and Cinnamon,3.9,assets/images/items/Bowow-Builder-Images/Bob's Red Mill - Gluten Free Oatmeal - Apple pieces and Cinnamon.webp
338,Bob's Red Mill - Gluten Free Oatmeal - Classic,3.9,assets/images/items/Bowow-Builder-Images/Bob's Red Mill - Gluten Free Oatmeal - Classic.webp
339,Bob's Red Mill - Gluten Free Oatmeal - Brown Sugar and Maple,3.9,assets/images/items/Bowow-Builder-Images/Bob's Red Mill - Gluten Free Oatmeal - Brown Sugar and Maple.webp
340,Catalina Crunch - Cereal - Cinnamon Toast,10.35,assets/images/items/Bowow-Builder-Images/Catalina Crunch - Cereal - Cinnamon Toast.webp
341,Catalina Crunch - Cereal - Dark Chocolate,10.35,assets/images/items/Bowow-Builder-Images/Catalina Crunch - Cereal - Dark Chocolate.webp
342,Cinnamon Toast Crunch - Cereal,2.4,assets/images/items/Bowow-Builder-Images/Cinnamon Toast Crunch - Cereal.webp
343,Cocoa Puffs - Cereal,2.4,assets/images/items/Bowow-Builder-Images/Cocoa Puffs - Cereal.webp
344,Lucky Charms - Cereal,2.4,assets/images/items/Bowow-Builder-Images/Lucky Charms - Cereal.webp
345,Cheerios - Cereal,2.4,assets/images/items/Bowow-Builder-Images/Cheerios - Cereal.webp
346,Cheerios - Multi Grain Cereal,2.4,assets/images/items/Bowow-Builder-Images/Cheerios - Multi Grain Cereal.webp
347,88 Acres - Bar - Dark Chocolate Sea Salt,3,assets/images/items/Bowow-Builder-Images/88 Acres - Bar - Dark Chocolate Sea Salt.webp
348,88 Acres - Bar - Blueberry Lemon,3,assets/images/items/Bowow-Builder-Images/88 Acres - Bar - Blueberry Lemon.webp
349,88 Acres - Bar - Oatmeal Chocolate Chip,3,assets/images/items/Bowow-Builder-Images/88 Acres - Bar - Oatmeal Chocolate Chip.webp
350,88 Acres - Bar - Cinnamon Maple,3,assets/images/items/Bowow-Builder-Images/88 Acres - Bar - Cinnamon Maple.webp
351,"Bob's Red Mill - Bob's Bar - Peanut Butter, Coconut & Oats",3.9,"assets/images/items/Bowow-Builder-Images/Bob's Red Mill - Bob's Bar - Peanut Butter, Coconut & Oats.webp"
352,RXBAR - Chocolate Sea Salt,3.25,assets/images/items/Bowow-Builder-Images/RXBAR - Chocolate Sea Salt.webp
353,RXBAR - Peanut Butter Chocolate,3.25,assets/images/items/Bowow-Builder-Images/RXBAR - Peanut Butter Chocolate.webp
354,RXBAR - Nut Butter & Oat,3.25,assets/images/items/Bowow-Builder-Images/RXBAR - Nut Butter & Oat.webp
355,GoMacro - Bar - Peanut Butter,3.5,assets/images/items/Bowow-Builder-Images/GoMacro - Bar - Peanut Butter.webp
356,GoMacro - Bar - Dark Chocolate + Almond,3.5,assets/images/items/Bowow-Builder-Images/GoMacro - Bar - Dark Chocolate + Almond.webp
357,GoMacro - Bar - Maple Sea Salt,3.5,assets/images/items/Bowow-Builder-Images/GoMacro - Bar - Maple Sea Salt.webp
358,GoMacro - Bar - Banana + Almond Butter,3.5,assets/images/items/Bowow-Builder-Images/GoMacro - Bar - Banana + Almond Butter.webp
359,Kind - Bar - Dark Chocolate Nuts & Sea Salt,3,assets/images/items/Bowow-Builder-Images/Kind - Bar - Dark Chocolate Nuts & Sea Salt.webp
360,Kind - Bar - Caramel Almond & Sea Salt,3,assets/images/items/Bowow-Builder-Images/Kind - Bar - Caramel Almond & Sea Salt.webp
361,Kind - Bar - Dark Chocolate Cherry Cashew,3,assets/images/items/Bowow-Builder-Images/Kind - Bar - Dark Chocolate Cherry Cashew.webp
362,Kind - Bar - Almond & Choconut,3,assets/images/items/Bowow-Builder-Images/Kind - Bar - Almond & Choconut.webp
363,Clif - Bar - Chocolate Peanut Butter,3,assets/images/items/Bowow-Builder-Images/Clif - Bar - Chocolate Peanut Butter.webp
364,Clif - Bar - Blueberry Almond Crisp,3,assets/images/items/Bowow-Builder-Images/Clif - Bar - Blueberry Almond Crisp.webp
365,Clif - Bar - Crunchy Peanut Butter,3,assets/images/items/Bowow-Builder-Images/Clif - Bar - Crunchy Peanut Butter.webp
366,Clif - Bar - Chocolate Brownie,3,assets/images/items/Bowow-Builder-Images/Clif - Bar - Chocolate Brownie.webp
367,Nature's Bakery - Fig Bar - Raspberry,2.5,assets/images/items/Bowow-Builder-Images/Nature's Bakery - Fig Bar - Raspberry.webp
368,Nature's Bakery - Fig Bar - Original Fig,2.5,assets/images/items/Bowow-Builder-Images/Nature's Bakery - Fig Bar - Original Fig.webp
369,Nature's Bakery - Fig bar - Blueberry,2.5,assets/images/items/Bowow-Builder-Images/Nature's Bakery - Fig bar - Blueberry.webp
370,Santa Cruz - Apple Sauce,2.5,assets/images/items/Bowow-Builder-Images/Santa Cruz - Apple Sauce.webp
371,Good Culture - Low Fat Cottage Cheese- Blueberry,3.5,assets/images/items/Bowow-Builder-Images/Good Culture - Low Fat Cottage Cheese- Blueberry.webp